asset_type,reason_code,original_audio_language,source_language,target_language,tat_coef_count,tat_coef_mean,tat_coef_std,tat_coef_min,tat_coef_median,tat_coef_max
CLOSED_CAPTIONING,RUSH,de,en,en-GB,1,0.0,,0.0,0.0,0.0
CLOSED_CAPTIONING,RUSH,en,en,cs,10,3.25,2.1505813167606567,1.0,2.25,7.0
CLOSED_CAPTIONING,RUSH,en,en,en,58,2.4482758620689653,1.500554444818074,0.0,2.0,6.5
CLOSED_CAPTIONING,RUSH,en,en,hu,4,2.25,1.2583057392117916,1.0,2.0,4.0
CLOSED_CAPTIONING,RUSH,en,en,pt-BR,5,3.0,1.0,2.0,3.0,4.0
CLOSED_CAPTIONING,RUSH,es,en,en,53,1.3474842767295598,0.992995749222785,0.0,1.0,4.0
CLOSED_CAPTIONING,RUSH,es-ES,en,en,5,7.8,0.44721359549995787,7.0,8.0,8.0
CLOSED_CAPTIONING,RUSH,fr,en,en,5,1.3,0.4472135954999579,1.0,1.0,2.0
CLOSED_CAPTIONING,RUSH,ja,en,en,2,1.25,0.3535533905932738,1.0,1.25,1.5
CLOSED_CAPTIONING,RUSH,ko,en,en,8,1.4520833333333334,1.2137256528216995,0.3333333333333333,0.875,3.3333333333333335
CLOSED_CAPTIONING,RUSH,pl,en,en,19,0.8947368421052632,0.8093026382225119,0.0,1.0,2.0
CLOSED_CAPTIONING,RUSH,pt-BR,en,en,1,0.0,,0.0,0.0,0.0
CLOSED_CAPTIONING,STANDARD,--,en,en,2,0.675,0.1060660171779821,0.6,0.675,0.75
CLOSED_CAPTIONING,STANDARD,de,de,de,20,2.2375,1.5054178472227706,1.0,1.5,6.5
CLOSED_CAPTIONING,STANDARD,de,en,de,3,3.25,1.5612494995995996,2.0,2.75,5.0
CLOSED_CAPTIONING,STANDARD,de,en,en,7,0.8112244897959184,0.40757823719667124,0.25,0.75,1.4285714285714286
CLOSED_CAPTIONING,STANDARD,de,en,en-GB,4,0.6875,0.125,0.5,0.75,0.75
CLOSED_CAPTIONING,STANDARD,en,en,cs,19,1.6197577276524644,1.767256416575166,0.4,1.0,8.25
CLOSED_CAPTIONING,STANDARD,en,en,de,13,1.0353479853479852,0.683908865364526,0.0,0.75,2.25
CLOSED_CAPTIONING,STANDARD,en,en,en,499,2.996292585170341,3.718679129654956,0.0,2.0,21.0
CLOSED_CAPTIONING,STANDARD,en,en,hu,15,4.515740740740741,2.698332505422146,1.0,5.375,8.25
CLOSED_CAPTIONING,STANDARD,en,en,it,2,1.4375,0.2651650429449553,1.25,1.4375,1.625
CLOSED_CAPTIONING,STANDARD,en,en,pl,9,5.6346560846560845,2.181825604685622,1.2,6.0,8.333333333333334
CLOSED_CAPTIONING,STANDARD,en,en,pt-BR,3,2.928571428571429,3.0962452573847488,1.0,1.2857142857142858,6.5
CLOSED_CAPTIONING,STANDARD,en-GB,en-GB,en-GB,15,3.466666666666667,2.4746332099544617,1.0,3.0,9.0
CLOSED_CAPTIONING,STANDARD,es,en,en,54,1.0951058201058201,2.0006016276616116,0.0,0.6458333333333333,14.333333333333334
CLOSED_CAPTIONING,STANDARD,es-ES,en,en,5,1.4666666666666666,0.5577733510227171,1.0,1.3333333333333333,2.3333333333333335
CLOSED_CAPTIONING,STANDARD,es-ES,en,en-GB,1,1.25,,1.25,1.25,1.25
CLOSED_CAPTIONING,STANDARD,es-ES,en,pt-BR,8,1.875,0.727847446077751,1.0,2.3333333333333335,2.5
CLOSED_CAPTIONING,STANDARD,fi,en,en,2,0.4583333333333333,0.29462782549439476,0.25,0.4583333333333333,0.6666666666666666
CLOSED_CAPTIONING,STANDARD,fr,en,cs,1,2.4285714285714284,,2.4285714285714284,2.4285714285714284,2.4285714285714284
CLOSED_CAPTIONING,STANDARD,fr,en,en,15,0.9531746031746031,0.3896089866897942,0.25,1.0,1.6666666666666667
CLOSED_CAPTIONING,STANDARD,fr,en,pl,1,0.7142857142857143,,0.7142857142857143,0.7142857142857143,0.7142857142857143
CLOSED_CAPTIONING,STANDARD,id,en,en-PH,11,1.8818181818181818,1.4503917965971689,0.7,1.5,6.0
CLOSED_CAPTIONING,STANDARD,it,en,en,32,1.9099702380952381,2.6105537758429564,0.0,0.7083333333333333,9.5
CLOSED_CAPTIONING,STANDARD,it,en,en-GB,1,1.125,,1.125,1.125,1.125
CLOSED_CAPTIONING,STANDARD,it,it,it,8,3.7916666666666665,3.322303178925489,1.3333333333333333,2.25,11.0
CLOSED_CAPTIONING,STANDARD,ja,en,en,152,3.045175438596491,3.31949313908579,0.25,1.5,14.5
CLOSED_CAPTIONING,STANDARD,ko,en,en,65,1.2931623931623932,1.0105752401488468,0.0,1.0,4.0
CLOSED_CAPTIONING,STANDARD,ko,ko,ko,33,1.8762626262626263,1.0781368179950532,0.3333333333333333,2.0,6.333333333333333
CLOSED_CAPTIONING,STANDARD,nb,en,pt-BR,3,3.055555555555556,1.4174834246858972,2.0,2.5,4.666666666666667
CLOSED_CAPTIONING,STANDARD,nl,en,en,1,1.0,,1.0,1.0,1.0
CLOSED_CAPTIONING,STANDARD,pl,en,en,41,2.6794425087108014,2.0153067008937153,0.42857142857142855,2.3333333333333335,9.5
CLOSED_CAPTIONING,STANDARD,pl,en,en-GB,1,0.8571428571428571,,0.8571428571428571,0.8571428571428571,0.8571428571428571
CLOSED_CAPTIONING,STANDARD,pl,en,it,2,1.0714285714285714,0.10101525445522103,1.0,1.0714285714285714,1.1428571428571428
CLOSED_CAPTIONING,STANDARD,pl,en,pt-BR,2,1.2142857142857144,0.10101525445522126,1.1428571428571428,1.2142857142857144,1.2857142857142858
CLOSED_CAPTIONING,STANDARD,pl,pl,pl,17,1.2794117647058822,0.36317128514372,0.75,1.0,2.0
CLOSED_CAPTIONING,STANDARD,ps,en,en,1,2.5,,2.5,2.5,2.5
CLOSED_CAPTIONING,STANDARD,pt-BR,en,en,29,0.9895730706075533,0.5442113039884875,0.25,1.0,2.5
CLOSED_CAPTIONING,STANDARD,pt-BR,en,pt-BR,3,1.9166666666666667,0.6291528696058958,1.25,2.0,2.5
CLOSED_CAPTIONING,STANDARD,pt-BR,pt-BR,pt-BR,23,2.152173913043478,1.2471310951056616,1.0,2.0,6.5
CLOSED_CAPTIONING,STANDARD,th,en,en,12,1.5416666666666667,2.808828973437187,0.0,0.7083333333333333,10.25
CLOSED_CAPTIONING,STANDARD,tr,en,en,1,1.375,,1.375,1.375,1.375
CLOSED_CAPTIONING,STANDARD,zxx,en,ko,1,1.0,,1.0,1.0,1.0
LANGUAGE_TEMPLATE,RUSH,de,de,en,1,1.0,,1.0,1.0,1.0
LANGUAGE_TEMPLATE,RUSH,en,en,en,115,2.018115942028986,1.3420667290965491,0.0,1.5,8.0
LANGUAGE_TEMPLATE,RUSH,ja,en,en,9,3.0,1.118033988749895,2.0,3.0,5.0
LANGUAGE_TEMPLATE,RUSH,pl,pl,en,2,1.125,0.1767766952966369,1.0,1.125,1.25
LANGUAGE_TEMPLATE,RUSH,pt-BR,en,en,1,0.6666666666666666,,0.6666666666666666,0.6666666666666666,0.6666666666666666
LANGUAGE_TEMPLATE,RUSH,pt-BR,en,pt-BR,1,0.5,,0.5,0.5,0.5
LANGUAGE_TEMPLATE,RUSH,pt-BR,pt-BR,en,1,1.0,,1.0,1.0,1.0
LANGUAGE_TEMPLATE,STANDARD,--,en,en,2,1.65,0.21213203435596437,1.5,1.65,1.8
LANGUAGE_TEMPLATE,STANDARD,de,de,en,3,0.6666666666666666,0.1649572197684645,0.5714285714285714,0.5714285714285714,0.8571428571428571
LANGUAGE_TEMPLATE,STANDARD,de,de,en-GB,4,0.6875,0.37500000000000006,0.25,0.75,1.0
LANGUAGE_TEMPLATE,STANDARD,de,en,de,24,1.0600694444444445,0.2198938272744903,0.6666666666666666,1.0,1.5
LANGUAGE_TEMPLATE,STANDARD,de,en,en-GB,1,0.8,,0.8,0.8,0.8
LANGUAGE_TEMPLATE,STANDARD,en,en,en,367,1.9431880108991826,1.3337256109983475,0.2,1.5,9.5
LANGUAGE_TEMPLATE,STANDARD,en,en,en-GB,5,1.0666666666666667,0.4346134936801765,0.6666666666666666,1.0,1.6666666666666667
LANGUAGE_TEMPLATE,STANDARD,en,it,en,2,10.375,0.5303300858899106,10.0,10.375,10.75
LANGUAGE_TEMPLATE,STANDARD,es,es,en,3,1.2777777777777777,0.2545875386086578,1.0,1.3333333333333333,1.5
LANGUAGE_TEMPLATE,STANDARD,fi,fi,en,8,0.8020833333333333,0.6106487247832136,0.25,0.5833333333333333,2.0
LANGUAGE_TEMPLATE,STANDARD,fr,fr,en,8,1.375,0.5473601872653643,0.3333333333333333,1.3333333333333333,2.3333333333333335
LANGUAGE_TEMPLATE,STANDARD,it,en,it,3,1.361111111111111,0.37577081273524127,1.0,1.3333333333333333,1.75
LANGUAGE_TEMPLATE,STANDARD,it,it,en,17,1.4635854341736694,0.5830974770428698,0.5,1.3333333333333333,2.6666666666666665
LANGUAGE_TEMPLATE,STANDARD,ja,en,en,117,3.0166666666666666,1.5702489207295645,0.5,3.0,9.5
LANGUAGE_TEMPLATE,STANDARD,ko,en,en,71,4.116247484909457,3.283226444631295,0.14285714285714285,3.25,11.5
LANGUAGE_TEMPLATE,STANDARD,ko,en,ko,5,0.975,0.4183300132670378,0.5,1.0,1.5
LANGUAGE_TEMPLATE,STANDARD,ko,ko,en,44,1.6621843434343433,1.3912761416386594,0.3333333333333333,1.0,6.0
LANGUAGE_TEMPLATE,STANDARD,pl,en,pl,32,0.9391741071428571,0.44691022244463985,0.0,1.0,2.0
LANGUAGE_TEMPLATE,STANDARD,pl,pl,en,63,1.6080309901738472,1.6393294703078867,0.25,1.0,9.0
LANGUAGE_TEMPLATE,STANDARD,pt-BR,en,en,3,0.5833333333333334,0.3818813079129867,0.25,0.5,1.0
LANGUAGE_TEMPLATE,STANDARD,pt-BR,en,pt-BR,56,1.4202380952380953,0.9464164964243728,0.0,1.0,4.0
LANGUAGE_TEMPLATE,STANDARD,pt-BR,pt-BR,en,35,1.4897278911564626,0.8334581281964758,0.6,1.3333333333333333,4.5
SUBTITLE,RUSH,en,en,cs,24,0.90625,0.6252113169331279,0.0,1.0,2.0
SUBTITLE,RUSH,en,en,de,28,1.0535714285714286,0.208134826062593,1.0,1.0,2.0
SUBTITLE,RUSH,en,en,en,1,1.5,,1.5,1.5,1.5
SUBTITLE,RUSH,en,en,es,1,1.0,,1.0,1.0,1.0
SUBTITLE,RUSH,en,en,fi,2,0.6333333333333333,0.04714045207910316,0.6,0.6333333333333333,0.6666666666666666
SUBTITLE,RUSH,en,en,fil,20,1.7916666666666667,1.4478003077061945,0.5,1.4166666666666665,6.5
SUBTITLE,RUSH,en,en,hr,4,1.5,0.7576767609436587,0.6666666666666666,1.4166666666666665,2.5
SUBTITLE,RUSH,en,en,hu,8,1.2916666666666665,0.5251605952407804,0.5,1.1666666666666665,2.0
SUBTITLE,RUSH,en,en,it,14,2.8095238095238098,1.7563768345260038,0.3333333333333333,3.0,6.0
SUBTITLE,RUSH,en,en,ko,101,1.8646864686468647,1.7317240720813993,0.0,1.25,10.0
SUBTITLE,RUSH,en,en,ms,16,1.3333333333333333,0.5477225575051662,0.5,1.25,2.3333333333333335
SUBTITLE,RUSH,en,en,nb,1,2.0,,2.0,2.0,2.0
SUBTITLE,RUSH,en,en,pl,5,0.9666666666666666,0.6497862896539309,0.3333333333333333,1.0,2.0
SUBTITLE,RUSH,en,en,ro,16,1.3958333333333333,1.6687486995417322,0.0,0.75,6.0
SUBTITLE,RUSH,en,en,ru,12,1.0694444444444444,1.0623452551206887,0.3333333333333333,0.5833333333333333,3.0
SUBTITLE,RUSH,en,en,sv,11,2.3454545454545457,1.2933395813657265,1.0,2.0,5.0
SUBTITLE,RUSH,en,en,th,3,2.3333333333333335,0.881917103688197,1.3333333333333333,2.6666666666666665,3.0
SUBTITLE,RUSH,en,en,uk,15,3.5222222222222226,2.16379541131101,0.6666666666666666,3.0,7.0
SUBTITLE,RUSH,en,en,zh-Hans,24,2.011111111111111,1.005091707146446,0.5,2.0,4.0
SUBTITLE,RUSH,en,en,zh-Hant,2,3.6666666666666665,0.0,3.6666666666666665,3.6666666666666665,3.6666666666666665
SUBTITLE,RUSH,es,en,cs,2,1.125,0.1767766952966369,1.0,1.125,1.25
SUBTITLE,RUSH,es,en,en,2,1.0,0.7071067811865476,0.5,1.0,1.5
SUBTITLE,RUSH,es,en,ko,8,0.6875,0.5938674695827104,0.0,1.0,1.5
SUBTITLE,RUSH,es,en,uk,2,2.0,0.0,2.0,2.0,2.0
SUBTITLE,RUSH,es,en,zh-Hans,1,0.5,,0.5,0.5,0.5
SUBTITLE,RUSH,es-ES,en,ko,5,1.4333333333333333,0.5962847939999439,0.6666666666666666,1.5,2.0
SUBTITLE,RUSH,fr,en,en,1,1.5,,1.5,1.5,1.5
SUBTITLE,RUSH,hu,en,cs,1,4.75,,4.75,4.75,4.75
SUBTITLE,RUSH,ko,en,de,9,2.018518518518518,1.8036314534164362,0.5,1.5,6.5
SUBTITLE,RUSH,ko,en,nb,7,4.0476190476190474,1.8071726580138976,1.3333333333333333,5.0,5.5
SUBTITLE,RUSH,ko,en,pt-BR,8,4.604166666666667,3.7139136718433243,0.6666666666666666,3.5,12.0
SUBTITLE,RUSH,ko,en,sv,1,0.25,,0.25,0.25,0.25
SUBTITLE,RUSH,ko,ko,zh-Hans,1,0.75,,0.75,0.75,0.75
SUBTITLE,RUSH,pl,en,cs,1,0.6,,0.6,0.6,0.6
SUBTITLE,RUSH,pl,en,ko,2,0.875,0.1767766952966369,0.75,0.875,1.0
SUBTITLE,RUSH,pl,en,uk,4,1.1875,0.375,1.0,1.0,1.75
SUBTITLE,RUSH,pt-BR,en,en,2,2.0,0.0,2.0,2.0,2.0
SUBTITLE,RUSH,pt-BR,en,ko,3,2.6666666666666665,0.7637626158259733,2.0,2.5,3.5
SUBTITLE,RUSH,pt-BR,en,ro,1,1.0,,1.0,1.0,1.0
SUBTITLE,RUSH,pt-BR,en,sv,1,1.5,,1.5,1.5,1.5
SUBTITLE,RUSH,te,en,pt-BR,1,1.0,,1.0,1.0,1.0
SUBTITLE,STANDARD,--,en,cs,1,0.4,,0.4,0.4,0.4
SUBTITLE,STANDARD,--,en,fi,2,2.25,1.0606601717798212,1.5,2.25,3.0
SUBTITLE,STANDARD,--,en,ko,2,0.75,0.3535533905932738,0.5,0.75,1.0
SUBTITLE,STANDARD,--,en,zh-Hans,2,0.8,0.282842712474619,0.6,0.8,1.0
SUBTITLE,STANDARD,ar-SA,en,ms,1,2.1666666666666665,,2.1666666666666665,2.1666666666666665,2.1666666666666665
SUBTITLE,STANDARD,ar-SA,en,zh-Hans,1,0.3333333333333333,,0.3333333333333333,0.3333333333333333,0.3333333333333333
SUBTITLE,STANDARD,de,de,cs,1,1.6,,1.6,1.6,1.6
SUBTITLE,STANDARD,de,de,en-GB,1,1.8,,1.8,1.8,1.8
SUBTITLE,STANDARD,de,de,fil,1,0.6,,0.6,0.6,0.6
SUBTITLE,STANDARD,de,de,hr,1,2.0,,2.0,2.0,2.0
SUBTITLE,STANDARD,de,de,hu,1,6.0,,6.0,6.0,6.0
SUBTITLE,STANDARD,de,de,uk,1,2.2,,2.2,2.2,2.2
SUBTITLE,STANDARD,de,de,zh-Hans,1,2.0,,2.0,2.0,2.0
SUBTITLE,STANDARD,de,en,cs,7,0.6904761904761905,0.25781437890128234,0.3333333333333333,0.75,1.0
SUBTITLE,STANDARD,de,en,en,8,0.9196428571428572,0.25877458475338283,0.5,0.9285714285714286,1.25
SUBTITLE,STANDARD,de,en,en-GB,1,0.75,,0.75,0.75,0.75
SUBTITLE,STANDARD,de,en,es,2,1.1071428571428572,0.5555838995037159,0.7142857142857143,1.1071428571428572,1.5
SUBTITLE,STANDARD,de,en,fi,2,1.3214285714285714,0.25253813613805276,1.1428571428571428,1.3214285714285714,1.5
SUBTITLE,STANDARD,de,en,fil,13,0.5503663003663004,0.45233275239654397,0.25,0.5,1.5714285714285714
SUBTITLE,STANDARD,de,en,hr,4,0.9642857142857143,0.41444988536974314,0.5,0.9285714285714286,1.5
SUBTITLE,STANDARD,de,en,hu,3,2.4047619047619047,2.2816183539157397,0.7142857142857143,1.5,5.0
SUBTITLE,STANDARD,de,en,it,4,1.2857142857142856,0.30304576336566325,0.8571428571428571,1.3928571428571428,1.5
SUBTITLE,STANDARD,de,en,ko,23,1.086438923395445,0.25558635338289126,0.7142857142857143,1.0,1.6666666666666667
SUBTITLE,STANDARD,de,en,ms,2,1.0714285714285714,0.10101525445522103,1.0,1.0714285714285714,1.1428571428571428
SUBTITLE,STANDARD,de,en,nb,1,1.75,,1.75,1.75,1.75
SUBTITLE,STANDARD,de,en,pl,3,1.5714285714285714,0.12371791482634839,1.5,1.5,1.7142857142857142
SUBTITLE,STANDARD,de,en,pt-BR,4,1.1607142857142856,0.23600270954284527,1.0,1.0714285714285714,1.5
SUBTITLE,STANDARD,de,en,ro,4,0.9553571428571428,0.4034028303537482,0.5714285714285714,0.875,1.5
SUBTITLE,STANDARD,de,en,ru,4,0.9553571428571428,0.3681344308587197,0.7142857142857143,0.8035714285714286,1.5
SUBTITLE,STANDARD,de,en,sv,1,0.8571428571428571,,0.8571428571428571,0.8571428571428571,0.8571428571428571
SUBTITLE,STANDARD,de,en,uk,5,0.8,0.48088460154178364,0.25,0.75,1.5
SUBTITLE,STANDARD,de,en,zh-Hans,7,0.7091836734693878,0.17669077709214662,0.42857142857142855,0.75,1.0
SUBTITLE,STANDARD,de,en,zh-Hant,4,1.1071428571428572,0.5494276552006823,0.42857142857142855,1.125,1.75
SUBTITLE,STANDARD,en,en,cs,348,1.400359195402299,1.1794316330361703,0.0,1.0,9.0
SUBTITLE,STANDARD,en,en,de,370,2.7426737451737453,3.0846860659677833,0.0,1.5,17.333333333333332
SUBTITLE,STANDARD,en,en,en,2,0.5833333333333333,0.11785113019775786,0.5,0.5833333333333333,0.6666666666666666
SUBTITLE,STANDARD,en,en,en-GB,1,2.0,,2.0,2.0,2.0
SUBTITLE,STANDARD,en,en,es,31,1.6385176651305684,1.0525200362550624,0.5,1.5,5.8
SUBTITLE,STANDARD,en,en,es-ES,17,1.8366013071895424,0.5942985893996232,0.5,2.0,2.5
SUBTITLE,STANDARD,en,en,fi,107,1.3648308856252782,1.3191555375756507,0.125,1.0,6.0
SUBTITLE,STANDARD,en,en,fil,281,1.884097328136474,3.297899089558319,0.0,1.0,34.666666666666664
SUBTITLE,STANDARD,en,en,hi,10,1.0,0.6666666666666667,0.5,0.75,2.5
SUBTITLE,STANDARD,en,en,hr,169,1.9606532356532358,2.555262847052159,0.0,1.0,15.0
SUBTITLE,STANDARD,en,en,hu,246,2.0464979352174475,2.032637398469864,0.0,1.5,12.0
SUBTITLE,STANDARD,en,en,it,122,2.271926229508197,3.7968819838933694,0.0,1.4166666666666665,24.0
SUBTITLE,STANDARD,en,en,ko,352,1.8356049332611832,1.6860886686891248,0.0,1.3333333333333333,13.0
SUBTITLE,STANDARD,en,en,ms,192,1.6012297453703705,1.0085205152013363,0.0,1.3333333333333333,5.5
SUBTITLE,STANDARD,en,en,nb,118,4.083000403551251,5.456081334051939,0.0,2.0,25.0
SUBTITLE,STANDARD,en,en,nl,64,2.4528831845238095,2.2407631109911765,0.25,1.5357142857142856,9.333333333333334
SUBTITLE,STANDARD,en,en,pl,327,1.7965584194941995,2.058510733389144,0.0,1.25,19.0
SUBTITLE,STANDARD,en,en,pt-BR,179,1.9906890130353816,1.4217774796421674,0.0,1.5,8.666666666666666
SUBTITLE,STANDARD,en,en,ro,86,1.0750230712440014,0.8539007709276447,0.0,1.0,5.4
SUBTITLE,STANDARD,en,en,ru,115,1.9172222222222222,1.753609216400431,0.0,1.3333333333333333,10.666666666666666
SUBTITLE,STANDARD,en,en,sv,173,2.0712083677401596,1.5605845008245172,0.42857142857142855,1.5,8.0
SUBTITLE,STANDARD,en,en,th,41,1.6605207123499806,0.8121782612100037,0.0,1.5,4.666666666666667
SUBTITLE,STANDARD,en,en,uk,260,1.8420787545787547,1.7615285733288095,0.0,1.3333333333333333,14.5
SUBTITLE,STANDARD,en,en,zh-Hans,537,1.2029684313203866,0.9775251471830632,0.0,1.0,9.5
SUBTITLE,STANDARD,en,en,zh-Hant,163,1.9590636868244231,1.241711390057624,0.0,1.6666666666666667,6.0
SUBTITLE,STANDARD,en-GB,en,ms,10,1.85,0.6687467549246293,0.5,2.0,3.0
SUBTITLE,STANDARD,en-GB,en-GB,cs,13,2.1923076923076925,3.15263422618333,0.5,1.5,12.5
SUBTITLE,STANDARD,en-GB,en-GB,de,13,1.5,1.4433756729740645,0.5,1.0,5.5
SUBTITLE,STANDARD,en-GB,en-GB,en,13,1.2692307692307692,0.6329621044272916,0.5,1.0,2.5
SUBTITLE,STANDARD,en-GB,en-GB,es,13,5.3076923076923075,2.6734688884361266,2.0,5.0,12.5
SUBTITLE,STANDARD,en-GB,en-GB,fi,13,1.9615384615384615,3.6369718314229633,0.5,1.0,14.0
SUBTITLE,STANDARD,en-GB,en-GB,hu,13,6.269230769230769,5.002563445438851,2.5,4.5,20.5
SUBTITLE,STANDARD,en-GB,en-GB,it,13,8.73076923076923,4.265244153891743,4.0,7.5,14.5
SUBTITLE,STANDARD,en-GB,en-GB,ko,13,2.076923076923077,0.9967897188423162,1.0,2.0,5.0
SUBTITLE,STANDARD,en-GB,en-GB,nb,13,7.115384615384615,2.4251619031335325,3.5,6.5,12.0
SUBTITLE,STANDARD,en-GB,en-GB,nl,13,6.615384615384615,3.3798042728946487,2.0,5.5,13.0
SUBTITLE,STANDARD,en-GB,en-GB,pl,13,7.230769230769231,4.502848101550954,1.5,6.0,14.0
SUBTITLE,STANDARD,en-GB,en-GB,pt-BR,13,3.923076923076923,2.0087947655886627,2.0,3.0,8.0
SUBTITLE,STANDARD,en-GB,en-GB,sv,13,11.23076923076923,0.8320502943378438,11.0,11.0,14.0
SUBTITLE,STANDARD,en-GB,en-GB,zh-Hans,13,0.5384615384615384,0.1386750490563073,0.5,0.5,1.0
SUBTITLE,STANDARD,en-GB,en-GB,zh-Hant,13,9.576923076923077,3.408605249011646,4.5,9.0,14.5
SUBTITLE,STANDARD,es,en,cs,89,0.9554396290351347,0.6470912965287233,0.25,1.0,5.0
SUBTITLE,STANDARD,es,en,de,34,1.8044117647058824,1.9418061848844177,0.0,1.2916666666666665,7.333333333333333
SUBTITLE,STANDARD,es,en,en,26,0.7935897435897435,0.5426903541733725,0.0,0.5833333333333333,2.0
SUBTITLE,STANDARD,es,en,fi,2,0.875,0.1767766952966369,0.75,0.875,1.0
SUBTITLE,STANDARD,es,en,fil,1,1.3636363636363635,,1.3636363636363635,1.3636363636363635,1.3636363636363635
SUBTITLE,STANDARD,es,en,hr,13,1.217948717948718,0.7618952227730074,0.3333333333333333,1.0,2.6666666666666665
SUBTITLE,STANDARD,es,en,hu,28,1.7416666666666667,1.2826757975599643,0.3333333333333333,1.2916666666666665,6.0
SUBTITLE,STANDARD,es,en,it,8,1.4916666666666667,1.4114610239826755,0.25,1.0,4.5
SUBTITLE,STANDARD,es,en,ko,19,0.8859649122807017,0.316971741832309,0.25,1.0,1.3333333333333333
SUBTITLE,STANDARD,es,en,ms,6,1.0555555555555556,0.25092421756969363,0.6666666666666666,1.0,1.3333333333333333
SUBTITLE,STANDARD,es,en,nb,2,10.75,11.667261889578034,2.5,10.75,19.0
SUBTITLE,STANDARD,es,en,nl,10,2.966666666666667,3.6606010435446255,0.6666666666666666,1.3333333333333335,12.5
SUBTITLE,STANDARD,es,en,pl,19,0.9449665831244779,0.6842121706150089,0.25,0.7142857142857143,3.0
SUBTITLE,STANDARD,es,en,pt-BR,16,1.037202380952381,0.48335630174529204,0.3333333333333333,1.0,2.142857142857143
SUBTITLE,STANDARD,es,en,ro,1,0.2,,0.2,0.2,0.2
SUBTITLE,STANDARD,es,en,ru,11,0.9944903581267218,0.4172185175979889,0.3333333333333333,1.0,1.6666666666666667
SUBTITLE,STANDARD,es,en,sv,17,1.2647058823529411,1.0018365488382999,0.3333333333333333,1.0,4.5
SUBTITLE,STANDARD,es,en,th,2,0.8660714285714286,0.012626906806902706,0.8571428571428571,0.8660714285714286,0.875
SUBTITLE,STANDARD,es,en,uk,16,2.8203125,5.268040405183711,0.3333333333333333,1.0,20.666666666666668
SUBTITLE,STANDARD,es,en,zh-Hans,59,0.8449354317998385,0.34378484925748354,0.25,0.75,2.0
SUBTITLE,STANDARD,es,en,zh-Hant,25,1.6057142857142859,2.002467770799685,0.6666666666666666,1.0,11.0
SUBTITLE,STANDARD,es,es,it,8,1.225,0.7329003050503234,0.75,1.0,3.0
SUBTITLE,STANDARD,es-ES,en,cs,26,1.3043040293040293,1.220657794346273,0.25,0.6666666666666666,4.333333333333333
SUBTITLE,STANDARD,es-ES,en,de,12,2.8958333333333335,2.863062612876729,0.25,2.5,10.666666666666666
SUBTITLE,STANDARD,es-ES,en,en,11,1.25,0.6476453075908484,0.25,1.0,2.3333333333333335
SUBTITLE,STANDARD,es-ES,en,fi,11,0.8984848484848484,0.35788379130774844,0.3333333333333333,0.8,1.5
SUBTITLE,STANDARD,es-ES,en,fil,109,2.787243337702053,3.734670278034749,0.0,1.5,27.0
SUBTITLE,STANDARD,es-ES,en,hr,17,1.2254901960784312,1.0336208881997673,0.3333333333333333,1.0,5.0
SUBTITLE,STANDARD,es-ES,en,hu,26,2.8349358974358974,2.4740452919939857,1.0,2.0,12.333333333333334
SUBTITLE,STANDARD,es-ES,en,it,8,2.1532738095238093,1.1265028384894187,0.6666666666666666,2.0,4.142857142857143
SUBTITLE,STANDARD,es-ES,en,ko,26,2.4935897435897436,1.8963302391905204,0.6666666666666666,1.75,6.5
SUBTITLE,STANDARD,es-ES,en,ms,4,1.7083333333333333,1.753963764987432,0.75,0.875,4.333333333333333
SUBTITLE,STANDARD,es-ES,en,nl,15,3.55,2.2851747875214734,0.75,3.25,8.333333333333334
SUBTITLE,STANDARD,es-ES,en,pl,16,0.7135416666666666,0.3726391736032374,0.25,0.6666666666666666,1.6666666666666667
SUBTITLE,STANDARD,es-ES,en,pt-BR,13,1.25,0.9458731024434124,0.5,1.0,4.0
SUBTITLE,STANDARD,es-ES,en,ro,5,0.5833333333333333,0.27638539919628335,0.25,0.5,1.0
SUBTITLE,STANDARD,es-ES,en,ru,11,1.0833333333333333,0.3374742788552764,0.5,1.0,1.6666666666666667
SUBTITLE,STANDARD,es-ES,en,th,11,1.6439393939393943,1.1396215923443072,0.5,1.25,4.666666666666667
SUBTITLE,STANDARD,es-ES,en,uk,5,2.583333333333333,1.6007810593582121,1.25,1.5,4.333333333333333
SUBTITLE,STANDARD,es-ES,en,zh-Hans,36,1.009589947089947,0.3832436351349258,0.375,1.0,2.0
SUBTITLE,STANDARD,es-ES,en,zh-Hant,7,3.232142857142857,1.9099909623321458,1.25,3.5,6.0
SUBTITLE,STANDARD,fi,en,fil,8,1.0416666666666667,0.5232681184722837,0.5,0.875,2.0
SUBTITLE,STANDARD,fi,en,hr,8,3.4270833333333335,1.8795249632025608,1.25,3.375,6.666666666666667
SUBTITLE,STANDARD,fi,en,it,8,1.4375,1.383541292458056,0.25,0.9166666666666666,3.6666666666666665
SUBTITLE,STANDARD,fi,en,nb,8,1.5729166666666667,0.6049358814245692,0.75,1.5416666666666665,2.6666666666666665
SUBTITLE,STANDARD,fi,en,pl,8,1.1145833333333333,0.5174293525889645,0.5,1.0,2.0
SUBTITLE,STANDARD,fi,en,ru,8,1.03125,0.43629368840229943,0.5,1.125,1.6666666666666667
SUBTITLE,STANDARD,fi,en,zh-Hans,8,3.541666666666667,2.9834197912452165,1.25,2.625,10.333333333333334
SUBTITLE,STANDARD,fi,en,zh-Hant,8,1.3854166666666667,0.9645887971664648,0.0,1.3333333333333335,3.0
SUBTITLE,STANDARD,fil,en,ko,1,1.1428571428571428,,1.1428571428571428,1.1428571428571428,1.1428571428571428
SUBTITLE,STANDARD,fil,fil,ko,1,2.1666666666666665,,2.1666666666666665,2.1666666666666665,2.1666666666666665
SUBTITLE,STANDARD,fr,en,cs,11,1.4388528138528138,0.9750141391973322,0.3333333333333333,1.3333333333333333,3.875
SUBTITLE,STANDARD,fr,en,de,4,3.196428571428571,2.0831519195390102,0.2857142857142857,3.75,5.0
SUBTITLE,STANDARD,fr,en,en,4,1.5505952380952381,0.42529334947372016,1.25,1.3928571428571428,2.1666666666666665
SUBTITLE,STANDARD,fr,en,fi,8,1.8839285714285714,0.6624548074262017,0.5714285714285714,2.0,2.6666666666666665
SUBTITLE,STANDARD,fr,en,fil,18,0.5502645502645502,0.4520224798851504,0.0,0.41666666666666663,1.6666666666666667
SUBTITLE,STANDARD,fr,en,hr,16,0.9467261904761904,0.6906304562207728,0.3333333333333333,0.7916666666666667,3.3333333333333335
SUBTITLE,STANDARD,fr,en,hu,9,2.115079365079365,0.9706214550844704,1.25,1.6666666666666667,4.0
SUBTITLE,STANDARD,fr,en,it,7,1.0680272108843538,0.35725621783675865,0.3333333333333333,1.1428571428571428,1.3333333333333333
SUBTITLE,STANDARD,fr,en,ko,12,2.3601190476190474,1.8204353529452046,0.6666666666666666,1.7857142857142856,7.333333333333333
SUBTITLE,STANDARD,fr,en,ms,2,2.2142857142857144,1.1111677990074318,1.4285714285714286,2.2142857142857144,3.0
SUBTITLE,STANDARD,fr,en,nb,2,1.0833333333333335,0.11785113019775804,1.0,1.0833333333333335,1.1666666666666667
SUBTITLE,STANDARD,fr,en,nl,7,0.8214285714285714,0.2697245312375623,0.5,0.75,1.3333333333333333
SUBTITLE,STANDARD,fr,en,pl,10,1.3214285714285714,1.1259356849042002,0.3333333333333333,0.8571428571428572,3.6666666666666665
SUBTITLE,STANDARD,fr,en,pt-BR,3,0.8650793650793651,0.3871031237541968,0.42857142857142855,1.0,1.1666666666666667
SUBTITLE,STANDARD,fr,en,ro,2,0.5714285714285714,0.6060915267313265,0.14285714285714285,0.5714285714285714,1.0
SUBTITLE,STANDARD,fr,en,ru,5,1.3333333333333335,0.7795119555779044,0.6666666666666666,1.0,2.5
SUBTITLE,STANDARD,fr,en,sv,8,1.46875,1.6060015788997755,0.0,1.25,5.0
SUBTITLE,STANDARD,fr,en,uk,19,1.3652882205513783,0.7320009178838082,0.5,1.25,3.3333333333333335
SUBTITLE,STANDARD,fr,en,zh-Hans,48,0.925843253968254,0.38274684680499294,0.2857142857142857,1.0,2.0
SUBTITLE,STANDARD,fr,en,zh-Hant,2,1.0714285714285714,0.10101525445522103,1.0,1.0714285714285714,1.1428571428571428
SUBTITLE,STANDARD,hi,en,cs,2,0.7847222222222222,0.4812254483075115,0.4444444444444444,0.7847222222222222,1.125
SUBTITLE,STANDARD,hi,en,de,1,0.75,,0.75,0.75,0.75
SUBTITLE,STANDARD,hi,en,fi,1,1.5,,1.5,1.5,1.5
SUBTITLE,STANDARD,hi,en,hr,8,3.421875,1.5871566464083169,1.3333333333333333,3.166666666666667,6.0
SUBTITLE,STANDARD,hi,en,hu,1,2.625,,2.625,2.625,2.625
SUBTITLE,STANDARD,hi,en,it,2,1.75,1.0606601717798212,1.0,1.75,2.5
SUBTITLE,STANDARD,hi,en,ms,8,2.583333333333333,1.1649647450214349,1.0,2.833333333333333,4.333333333333333
SUBTITLE,STANDARD,hi,en,nb,1,1.25,,1.25,1.25,1.25
SUBTITLE,STANDARD,hi,en,pl,1,1.375,,1.375,1.375,1.375
SUBTITLE,STANDARD,hi,en,pt-BR,1,1.5,,1.5,1.5,1.5
SUBTITLE,STANDARD,hi,en,ro,1,1.375,,1.375,1.375,1.375
SUBTITLE,STANDARD,hi,en,ru,1,1.75,,1.75,1.75,1.75
SUBTITLE,STANDARD,hi,en,sv,1,1.0,,1.0,1.0,1.0
SUBTITLE,STANDARD,hi,en,uk,8,3.8385416666666665,1.6042536309142603,1.375,3.666666666666667,6.0
SUBTITLE,STANDARD,hi,en,zh-Hans,1,2.125,,2.125,2.125,2.125
SUBTITLE,STANDARD,hi,en,zh-Hant,1,2.125,,2.125,2.125,2.125
SUBTITLE,STANDARD,hu,en,pl,1,1.4285714285714286,,1.4285714285714286,1.4285714285714286,1.4285714285714286
SUBTITLE,STANDARD,hu,en,ro,1,1.0,,1.0,1.0,1.0
SUBTITLE,STANDARD,hu,en,uk,1,2.142857142857143,,2.142857142857143,2.142857142857143,2.142857142857143
SUBTITLE,STANDARD,id,en,de,19,0.8385964912280702,0.3927213000248107,0.0,1.0,1.5
SUBTITLE,STANDARD,id,en,en,10,1.05,0.49721446300587663,0.5,1.25,1.5
SUBTITLE,STANDARD,id,en,hu,10,4.65,2.9443920330765136,1.5,3.75,9.5
SUBTITLE,STANDARD,id,en,ko,1,1.0,,1.0,1.0,1.0
SUBTITLE,STANDARD,id,en,nl,9,0.9629629629629629,0.5450393575096829,0.3333333333333333,0.6666666666666666,2.0
SUBTITLE,STANDARD,id,en,pl,10,0.55,0.15811388300841897,0.5,0.5,1.0
SUBTITLE,STANDARD,id,en,pt-BR,10,1.1,0.39440531887330776,0.5,1.0,1.5
SUBTITLE,STANDARD,id,en,sv,11,1.1181818181818182,0.8447700063546075,0.5,1.0,3.0
SUBTITLE,STANDARD,it,en,cs,18,1.3726851851851851,0.9352475361556734,0.5,1.2083333333333335,4.333333333333333
SUBTITLE,STANDARD,it,en,de,13,1.005128205128205,0.5516131484356274,0.4,0.75,2.25
SUBTITLE,STANDARD,it,en,en,3,1.361111111111111,0.6254627916220945,0.75,1.3333333333333333,2.0
SUBTITLE,STANDARD,it,en,fi,11,1.5378787878787876,1.2744081613110305,0.5,1.0,4.333333333333333
SUBTITLE,STANDARD,it,en,fil,8,0.9702380952380952,0.5103004444146693,0.3333333333333333,0.8571428571428572,2.0
SUBTITLE,STANDARD,it,en,hr,12,1.0763888888888888,0.7861316340969533,0.3333333333333333,1.0,3.3333333333333335
SUBTITLE,STANDARD,it,en,hu,24,4.003819444444445,3.677017651765207,0.5,3.3333333333333335,13.333333333333334
SUBTITLE,STANDARD,it,en,ko,11,1.3863636363636365,1.1868917900179956,0.3333333333333333,1.0,4.0
SUBTITLE,STANDARD,it,en,ms,4,2.3273809523809526,1.170688726231862,1.1428571428571428,2.416666666666667,3.3333333333333335
SUBTITLE,STANDARD,it,en,nb,3,2.805555555555556,0.9141379262169076,1.75,3.3333333333333335,3.3333333333333335
SUBTITLE,STANDARD,it,en,nl,9,1.1944444444444444,0.6588078458684123,0.25,1.0,2.0
SUBTITLE,STANDARD,it,en,pl,11,1.3333333333333333,0.6593346814950828,0.6666666666666666,1.25,2.6666666666666665
SUBTITLE,STANDARD,it,en,pt-BR,23,1.4818840579710146,0.9367485276893894,0.3333333333333333,1.25,4.0
SUBTITLE,STANDARD,it,en,ro,17,1.1911764705882353,1.1295297332521412,0.0,0.75,3.6666666666666665
SUBTITLE,STANDARD,it,en,ru,11,1.7727272727272727,1.1885395502995526,0.6666666666666666,1.3333333333333333,4.0
SUBTITLE,STANDARD,it,en,sv,18,3.808730158730159,2.969467139747065,1.0,2.5,11.0
SUBTITLE,STANDARD,it,en,th,6,2.5833333333333335,1.2494443209327541,1.0,2.541666666666667,4.666666666666667
SUBTITLE,STANDARD,it,en,uk,10,1.6,1.189459883650901,0.3333333333333333,1.25,4.333333333333333
SUBTITLE,STANDARD,it,en,zh-Hans,22,1.1098484848484849,0.7156537524601498,0.0,1.0,3.6666666666666665
SUBTITLE,STANDARD,it,en,zh-Hant,18,2.0985449735449735,2.0307994528821376,0.6666666666666666,1.3333333333333333,7.333333333333333
SUBTITLE,STANDARD,ja,en,cs,81,1.050960219478738,0.639303482703242,0.0,1.0,4.5
SUBTITLE,STANDARD,ja,en,de,102,3.484994553376906,3.3226800392589597,0.3333333333333333,2.0,13.5
SUBTITLE,STANDARD,ja,en,en,45,1.1106172839506172,0.5982869557800342,0.25,1.0,3.0
SUBTITLE,STANDARD,ja,en,es,1,1.3333333333333333,,1.3333333333333333,1.3333333333333333,1.3333333333333333
SUBTITLE,STANDARD,ja,en,fi,83,1.20893096194301,0.6644564606286643,0.1111111111111111,1.0,4.0
SUBTITLE,STANDARD,ja,en,fil,106,1.6143867924528301,1.901576776853138,0.0,1.0,9.0
SUBTITLE,STANDARD,ja,en,hr,84,1.1896164021164022,0.4423156680496632,0.5,1.125,2.5
SUBTITLE,STANDARD,ja,en,hu,85,2.2998692810457517,2.1013361445400687,0.4,1.5,14.0
SUBTITLE,STANDARD,ja,en,it,143,2.955322455322455,3.594844660783225,0.0,1.5,18.0
SUBTITLE,STANDARD,ja,en,ko,143,1.3701187701187703,0.805742849569475,0.25,1.25,5.5
SUBTITLE,STANDARD,ja,en,ms,106,1.8153039832285114,1.759024402812213,0.0,1.0,8.0
SUBTITLE,STANDARD,ja,en,nb,77,1.3702020202020202,0.6746740778682637,0.3333333333333333,1.25,4.0
SUBTITLE,STANDARD,ja,en,nl,14,1.1523809523809523,1.2154781188433865,0.0,0.8,3.5
SUBTITLE,STANDARD,ja,en,pl,197,3.6209531866892273,3.2388545328457012,0.25,2.0,14.5
SUBTITLE,STANDARD,ja,en,pt-BR,161,4.424499654934437,4.315306363316331,0.25,2.5,18.5
SUBTITLE,STANDARD,ja,en,ro,94,1.2022458628841608,1.5153792153892207,0.0,0.6666666666666666,8.5
SUBTITLE,STANDARD,ja,en,ru,72,1.324614197530864,0.7237919779361446,0.3333333333333333,1.0,4.0
SUBTITLE,STANDARD,ja,en,sv,85,1.9784313725490195,2.3326002583258054,0.25,1.0,12.0
SUBTITLE,STANDARD,ja,en,th,35,2.0884126984126987,1.1645657799165625,0.3333333333333333,2.0,5.0
SUBTITLE,STANDARD,ja,en,uk,103,1.6374865156418552,1.7650901624444286,0.0,1.0,11.0
SUBTITLE,STANDARD,ja,en,zh-Hans,120,1.5768981481481483,1.2595167337722901,0.3333333333333333,1.2916666666666665,9.0
SUBTITLE,STANDARD,ja,en,zh-Hant,68,1.8258169934640522,1.5734854972942112,0.5,1.5,9.666666666666666
SUBTITLE,STANDARD,ja,ja,cs,2,1.75,0.3535533905932738,1.5,1.75,2.0
SUBTITLE,STANDARD,ja,ja,hu,2,2.75,0.3535533905932738,2.5,2.75,3.0
SUBTITLE,STANDARD,ja,ja,sv,2,2.25,1.0606601717798212,1.5,2.25,3.0
SUBTITLE,STANDARD,ko,en,cs,41,0.8540650406504064,0.5019791453144475,0.25,0.75,2.3333333333333335
SUBTITLE,STANDARD,ko,en,de,83,1.208433734939759,0.9642223564454483,0.2,1.0,6.666666666666667
SUBTITLE,STANDARD,ko,en,en,44,1.0106060606060607,0.5549965769046251,0.0,1.0,2.6666666666666665
SUBTITLE,STANDARD,ko,en,es,12,1.611111111111111,0.7795794428691073,0.5,1.5833333333333335,3.6666666666666665
SUBTITLE,STANDARD,ko,en,fi,32,0.8861979166666667,0.47558024065364535,0.2,0.75,2.0
SUBTITLE,STANDARD,ko,en,fil,116,1.9150485769020253,2.05808461208629,0.0,1.0555555555555556,9.8
SUBTITLE,STANDARD,ko,en,hr,51,1.448202614379085,1.2894586651915108,0.25,1.0,6.25
SUBTITLE,STANDARD,ko,en,hu,46,2.4715579710144926,1.8703440761612151,0.5,1.5,8.0
SUBTITLE,STANDARD,ko,en,it,29,1.1206896551724137,1.0928942132509516,0.4,0.8,6.2
SUBTITLE,STANDARD,ko,en,ms,11,2.6393939393939396,3.4319679544547097,0.8,1.6,12.833333333333334
SUBTITLE,STANDARD,ko,en,nb,67,1.3756218905472637,0.7787061289976209,0.2,1.25,4.2
SUBTITLE,STANDARD,ko,en,nl,45,1.6646296296296297,1.895987885438194,0.2,1.0,7.75
SUBTITLE,STANDARD,ko,en,pl,48,0.9699652777777779,0.5625180311881046,0.0,0.75,2.3333333333333335
SUBTITLE,STANDARD,ko,en,pt-BR,47,0.9980496453900709,0.47733412263477876,0.25,1.0,2.6
SUBTITLE,STANDARD,ko,en,ro,25,0.7973333333333333,0.5309719860783618,0.2,0.6666666666666666,2.3333333333333335
SUBTITLE,STANDARD,ko,en,ru,27,1.240432098765432,0.5730163838800759,0.5,1.0,3.2
SUBTITLE,STANDARD,ko,en,sv,53,1.9725890985324948,1.7240738286843937,0.25,1.3333333333333333,8.0
SUBTITLE,STANDARD,ko,en,uk,46,1.2346014492753623,0.6515744639501513,0.4,1.0,3.3333333333333335
SUBTITLE,STANDARD,ko,en,zh-Hans,13,1.1756410256410257,0.8199371979286029,0.5,1.0,3.6
SUBTITLE,STANDARD,ko,ko,ms,3,3.460185185185185,4.139481998268837,0.5555555555555556,1.625,8.2
SUBTITLE,STANDARD,ko,ko,zh-Hans,111,0.854029029029029,0.7210903853322176,0.2,0.6666666666666666,4.7
SUBTITLE,STANDARD,ko,ko,zh-Hant,36,1.6233134920634922,0.9462078583612005,0.6,1.3333333333333333,4.75
SUBTITLE,STANDARD,nl,en,de,1,2.0,,2.0,2.0,2.0
SUBTITLE,STANDARD,nl,en,en,1,0.6666666666666666,,0.6666666666666666,0.6666666666666666,0.6666666666666666
SUBTITLE,STANDARD,pcm,en,cs,3,1.527777777777778,0.7087417123429486,1.0,1.25,2.3333333333333335
SUBTITLE,STANDARD,pcm,en,ko,2,1.7083333333333335,0.05892556509887899,1.6666666666666667,1.7083333333333335,1.75
SUBTITLE,STANDARD,pcm,en,uk,4,1.9166666666666667,0.4194352464039307,1.3333333333333333,2.0,2.3333333333333335
SUBTITLE,STANDARD,pl,en,cs,31,1.788594470046083,1.8771365195576044,0.2857142857142857,1.0,11.0
SUBTITLE,STANDARD,pl,en,de,37,1.358912483912484,0.8764350262238078,0.0,1.0,4.0
SUBTITLE,STANDARD,pl,en,en,15,0.9325396825396824,0.7868558325925775,0.25,0.6666666666666666,3.3333333333333335
SUBTITLE,STANDARD,pl,en,es,6,0.9821428571428571,0.30514299090419755,0.5,1.0089285714285714,1.375
SUBTITLE,STANDARD,pl,en,fi,30,1.2517857142857143,0.7112984021912937,0.5,1.0,4.0
SUBTITLE,STANDARD,pl,en,fil,17,0.4975490196078431,0.28123865263964354,0.0,0.5,1.125
SUBTITLE,STANDARD,pl,en,hr,40,2.177083333333333,1.5592393590376115,0.0,2.0,9.0
SUBTITLE,STANDARD,pl,en,hu,5,1.1085714285714285,0.7554293278578447,0.5,0.8571428571428571,2.4285714285714284
SUBTITLE,STANDARD,pl,en,it,34,3.2400210084033616,2.510803770644855,0.5,2.0,10.0
SUBTITLE,STANDARD,pl,en,ko,38,2.2973057644110275,2.421103678051132,0.6666666666666666,2.0,13.0
SUBTITLE,STANDARD,pl,en,ms,30,2.3267857142857142,1.323284128575637,0.42857142857142855,2.0,6.0
SUBTITLE,STANDARD,pl,en,nb,34,5.245798319327731,4.874589024457751,0.625,3.5,23.0
SUBTITLE,STANDARD,pl,en,nl,9,1.7944444444444443,1.1259563836036357,0.75,1.25,4.0
SUBTITLE,STANDARD,pl,en,pt-BR,30,3.0851190476190475,4.327626756739611,0.0,2.0,24.0
SUBTITLE,STANDARD,pl,en,ro,38,1.4550438596491226,1.8185640540418513,0.0,1.0,11.0
SUBTITLE,STANDARD,pl,en,ru,4,0.9375,0.17096912638506037,0.75,0.9285714285714286,1.1428571428571428
SUBTITLE,STANDARD,pl,en,sv,15,1.0305555555555557,0.47513097836705875,0.25,1.0,2.0
SUBTITLE,STANDARD,pl,en,th,3,1.2976190476190477,0.5536674263920708,0.75,1.2857142857142858,1.8571428571428572
SUBTITLE,STANDARD,pl,en,uk,33,3.058917093008002,4.224445470540324,0.875,2.0,25.0
SUBTITLE,STANDARD,pl,en,zh-Hans,42,1.5324546485260773,0.9238337348625468,0.3333333333333333,1.0,4.0
SUBTITLE,STANDARD,pl,en,zh-Hant,37,3.7176640926640925,3.725197895013105,0.625,3.0,16.0
SUBTITLE,STANDARD,pt,en,cs,7,1.130952380952381,0.8048710830421605,0.25,1.0,2.5
SUBTITLE,STANDARD,pt-BR,en,cs,33,1.1939393939393939,0.8822991015213915,0.25,1.0,3.5
SUBTITLE,STANDARD,pt-BR,en,de,13,1.0713675213675213,0.6726194348095889,0.3333333333333333,0.7777777777777778,2.5
SUBTITLE,STANDARD,pt-BR,en,en,7,2.0,1.224744871391589,0.5,2.0,4.5
SUBTITLE,STANDARD,pt-BR,en,fi,18,1.0351851851851852,0.5500115533215811,0.25,1.0,2.6666666666666665
SUBTITLE,STANDARD,pt-BR,en,fil,7,3.3333333333333335,1.5869840952317447,1.3333333333333333,3.3333333333333335,5.0
SUBTITLE,STANDARD,pt-BR,en,hr,8,0.875,0.3646045912169894,0.3333333333333333,1.0,1.5
SUBTITLE,STANDARD,pt-BR,en,hu,6,1.1805555555555556,0.9315707563433249,0.5,0.8333333333333333,3.0
SUBTITLE,STANDARD,pt-BR,en,it,3,1.3583333333333334,0.4584848234492973,1.0,1.2,1.875
SUBTITLE,STANDARD,pt-BR,en,ko,31,2.6674347158218126,2.907343335592071,0.3333333333333333,1.5,11.0
SUBTITLE,STANDARD,pt-BR,en,ms,3,0.9666666666666667,0.4725815626252609,0.6,0.8,1.5
SUBTITLE,STANDARD,pt-BR,en,nb,1,1.0,,1.0,1.0,1.0
SUBTITLE,STANDARD,pt-BR,en,nl,3,1.1095238095238094,0.5280563771179796,0.5,1.4,1.4285714285714286
SUBTITLE,STANDARD,pt-BR,en,pl,23,1.3369565217391304,1.074990680271313,0.3333333333333333,1.0,5.0
SUBTITLE,STANDARD,pt-BR,en,ro,12,1.3569444444444443,0.8174998326794791,0.6666666666666666,1.0,3.0
SUBTITLE,STANDARD,pt-BR,en,ru,1,1.2,,1.2,1.2,1.2
SUBTITLE,STANDARD,pt-BR,en,sv,15,1.0305555555555554,0.5795940241274342,0.3333333333333333,0.875,2.5
SUBTITLE,STANDARD,pt-BR,en,th,1,3.2857142857142856,,3.2857142857142856,3.2857142857142856,3.2857142857142856
SUBTITLE,STANDARD,pt-BR,en,uk,16,1.55625,0.701397414689656,0.5,1.5,3.0
SUBTITLE,STANDARD,pt-BR,en,zh-Hans,50,0.8565873015873016,0.38184407639643736,0.0,0.75,1.75
SUBTITLE,STANDARD,pt-BR,en,zh-Hant,4,0.5416666666666666,0.15957118462605635,0.3333333333333333,0.5833333333333333,0.6666666666666666
SUBTITLE,STANDARD,sv,en,zh-Hans,1,0.7142857142857143,,0.7142857142857143,0.7142857142857143,0.7142857142857143
SUBTITLE,STANDARD,th,en,cs,8,0.6770833333333334,0.31946601031413613,0.25,0.7083333333333333,1.0
SUBTITLE,STANDARD,th,en,de,8,0.90625,0.29693373479135515,0.5,1.0,1.25
SUBTITLE,STANDARD,th,en,en,8,1.0416666666666667,0.6606874726434099,0.3333333333333333,0.875,2.0
SUBTITLE,STANDARD,th,en,fi,8,0.59375,0.6805656785771251,0.0,0.25,2.0
SUBTITLE,STANDARD,th,en,fil,2,1.6,0.0,1.6,1.6,1.6
SUBTITLE,STANDARD,th,en,hr,9,0.9197530864197532,1.34632304217154,0.25,0.5,4.444444444444445
SUBTITLE,STANDARD,th,en,hu,12,1.2430555555555556,1.4721567071376507,0.25,0.75,5.75
SUBTITLE,STANDARD,th,en,it,10,0.9166666666666666,0.7846914939903076,0.25,0.7083333333333333,3.0
SUBTITLE,STANDARD,th,en,ko,8,1.1354166666666667,0.4475185107459997,0.5,1.125,2.0
SUBTITLE,STANDARD,th,en,ms,8,0.9583333333333334,0.37267799624996495,0.5,1.0,1.5
SUBTITLE,STANDARD,th,en,nb,11,3.627272727272727,2.3034065681468,0.4,3.75,7.75
SUBTITLE,STANDARD,th,en,nl,12,1.4444444444444444,2.236726654722505,0.0,0.875,8.25
SUBTITLE,STANDARD,th,en,pl,10,1.285,1.1683440322857723,0.25,0.875,3.75
SUBTITLE,STANDARD,th,en,pt-BR,8,0.6979166666666666,0.5038295803461187,0.25,0.5416666666666666,1.5
SUBTITLE,STANDARD,th,en,ro,8,0.9583333333333333,0.4387029945878162,0.5,0.875,1.75
SUBTITLE,STANDARD,th,en,sv,8,0.75,0.4225771273642583,0.25,0.75,1.25
SUBTITLE,STANDARD,th,en,uk,8,1.15625,0.5499594140869462,0.5,1.25,2.0
SUBTITLE,STANDARD,th,en,zh-Hans,8,1.0729166666666667,0.3791110634269309,0.5,1.0,1.75
SUBTITLE,STANDARD,th,en,zh-Hant,10,1.05,0.2581988897471611,0.75,1.0,1.5
SUBTITLE,STANDARD,th,th,ko,1,1.6666666666666667,,1.6666666666666667,1.6666666666666667,1.6666666666666667
SUBTITLE,STANDARD,tr,en,cs,1,0.5,,0.5,0.5,0.5
SUBTITLE,STANDARD,tr,en,en,1,0.625,,0.625,0.625,0.625
SUBTITLE,STANDARD,tr,en,es,1,1.125,,1.125,1.125,1.125
SUBTITLE,STANDARD,tr,en,fi,2,0.8035714285714286,0.07576144084141581,0.75,0.8035714285714286,0.8571428571428571
SUBTITLE,STANDARD,tr,en,fil,2,0.9375,0.08838834764831845,0.875,0.9375,1.0
SUBTITLE,STANDARD,tr,en,hr,1,0.875,,0.875,0.875,0.875
SUBTITLE,STANDARD,tr,en,hu,1,1.125,,1.125,1.125,1.125
SUBTITLE,STANDARD,tr,en,it,1,2.125,,2.125,2.125,2.125
SUBTITLE,STANDARD,tr,en,ko,2,1.0873015873015874,0.2805979290422809,0.8888888888888888,1.0873015873015874,1.2857142857142858
SUBTITLE,STANDARD,tr,en,ms,4,0.84375,0.42542870534712784,0.25,0.9375,1.25
SUBTITLE,STANDARD,tr,en,nb,2,0.9375,0.08838834764831845,0.875,0.9375,1.0
SUBTITLE,STANDARD,tr,en,nl,1,0.75,,0.75,0.75,0.75
SUBTITLE,STANDARD,tr,en,pl,1,0.625,,0.625,0.625,0.625
SUBTITLE,STANDARD,tr,en,pt-BR,3,0.9166666666666666,0.07216878364870322,0.875,0.875,1.0
SUBTITLE,STANDARD,tr,en,ro,1,0.25,,0.25,0.25,0.25
SUBTITLE,STANDARD,tr,en,ru,1,0.875,,0.875,0.875,0.875
SUBTITLE,STANDARD,tr,en,uk,1,0.75,,0.75,0.75,0.75
SUBTITLE,STANDARD,tr,en,zh-Hans,1,0.875,,0.875,0.875,0.875
SUBTITLE,STANDARD,tr,en,zh-Hant,2,0.8035714285714286,0.07576144084141581,0.75,0.8035714285714286,0.8571428571428571
SUBTITLE,STANDARD,zh,en,fil,35,1.8035714285714286,0.9182012238038882,0.125,2.0,5.0
SUBTITLE,STANDARD,zh,en,ms,1,0.5555555555555556,,0.5555555555555556,0.5555555555555556,0.5555555555555556
